{
  "train_losses": [
    0.14235071289005083,
    0.031221626535637332,
    0.02766567273528092,
    0.025135874301476756,
    0.023717553475087198,
    0.023780970697816196,
    0.02198233413419507,
    0.021381920621756537,
    0.021164855336042253,
    0.02063559460278689,
    0.020297140955168665,
    0.020300946609050713,
    0.020127497297021728,
    0.019681860453632235,
    0.019627573084665492,
    0.01963656141521252,
    0.019587628135847863,
    0.01978515935458291,
    0.019813506435562674,
    0.019454654626001162,
    0.019529478813744842,
    0.01834560852401264,
    0.01818692138937521,
    0.018569644768450803,
    0.01844118426445284,
    0.01825673283111972,
    0.018680476193913696,
    0.01852308795053198,
    0.017350773293259462,
    0.017548479305149797,
    0.01780876474390631,
    0.017517971469503756,
    0.017573891591168057,
    0.01768132718058693,
    0.017500739674673256,
    0.017860783038552264,
    0.017359416875545715,
    0.017441148219577825,
    0.017337890681820733,
    0.017406162358900898,
    0.01737455700848002,
    0.01703801479665301,
    0.017267030541288222,
    0.016815543495275514,
    0.017099983237390096,
    0.01700484959185365,
    0.016711672255568223
  ],
  "val_losses": [
    0.017420732704187303,
    0.022257424227027072,
    0.010083021562787335,
    0.00888737642040348,
    0.0072744667016559844,
    0.006930456388313304,
    0.004447501214849857,
    0.009833114244786622,
    0.004262725302588048,
    0.004615852189981303,
    0.0035313903250418573,
    0.006921455194984623,
    0.004556160154710015,
    0.005977290549936708,
    0.0026455974762011245,
    0.0033821070365638844,
    0.003594481478975935,
    0.00681351535510072,
    0.00462844198039895,
    0.004641300495968461,
    0.0037774837242749515,
    0.002332857674633922,
    0.005406862148602195,
    0.002673148849485574,
    0.003373475255150544,
    0.004620980209673789,
    0.005244265600267387,
    0.006946305956796136,
    0.0022570884497039707,
    0.0022208531784706255,
    0.0015491796149304307,
    0.00149608164819392,
    0.0018147388304657255,
    0.0019232643350368735,
    0.002392679342725748,
    0.0024812468131101568,
    0.0016976307782647106,
    0.004004264941112881,
    0.001845474025118636,
    0.001656123966055565,
    0.0025473656153731966,
    0.0029393233605005367,
    0.0024396624874586602,
    0.002015060262521493,
    0.0018691539528804665,
    0.0030789990490632363,
    0.0017415618906959397
  ],
  "val_metrics": [
    {
      "MSE": 71392.55846067508,
      "RMSE": 267.19385932441463,
      "MAE": 204.52632840500243,
      "MAPE": 3.060539618925734,
      "R2": 0.9825513498264176,
      "nRMSE": 3.55156510833739
    },
    {
      "MSE": 91260.70334877411,
      "RMSE": 302.09386512932383,
      "MAE": 236.5670303692671,
      "MAPE": 3.763954210995962,
      "R2": 0.9776954892545984,
      "nRMSE": 4.015459163428655
    },
    {
      "MSE": 41336.62502501711,
      "RMSE": 203.31410434354305,
      "MAE": 157.92671974574355,
      "MAPE": 2.4319371594259795,
      "R2": 0.9898971499975677,
      "nRMSE": 2.7024695883548517
    },
    {
      "MSE": 36435.17107787509,
      "RMSE": 190.87999129787045,
      "MAE": 150.1222849879297,
      "MAPE": 2.2593720118686202,
      "R2": 0.9910950865487941,
      "nRMSE": 2.537194225523568
    },
    {
      "MSE": 29815.83617835879,
      "RMSE": 172.67262718323013,
      "MAE": 128.6093450297447,
      "MAPE": 1.8759328018033476,
      "R2": 0.9927128806373343,
      "nRMSE": 2.295180283781599
    },
    {
      "MSE": 28411.314319167177,
      "RMSE": 168.55656118694156,
      "MAE": 133.4895247445806,
      "MAPE": 2.1366055077832584,
      "R2": 0.9930561518565004,
      "nRMSE": 2.2404691597572874
    },
    {
      "MSE": 18233.583066289233,
      "RMSE": 135.03178539251132,
      "MAE": 102.77243438620997,
      "MAPE": 1.5698207570212193,
      "R2": 0.9955436334094977,
      "nRMSE": 1.794854787191305
    },
    {
      "MSE": 40319.37971563202,
      "RMSE": 200.7968618171908,
      "MAE": 157.78566964442754,
      "MAPE": 2.6865282743696284,
      "R2": 0.9901457691523772,
      "nRMSE": 2.6690101714789534
    },
    {
      "MSE": 17478.05574692123,
      "RMSE": 132.2045980551404,
      "MAE": 105.64750700496039,
      "MAPE": 1.50179093573478,
      "R2": 0.9957282875552025,
      "nRMSE": 1.7572755556643238
    },
    {
      "MSE": 18926.767458077702,
      "RMSE": 137.57458870764506,
      "MAE": 102.45799391328302,
      "MAPE": 1.6845217977748395,
      "R2": 0.9953742161450251,
      "nRMSE": 1.828653960399207
    },
    {
      "MSE": 14475.511991733585,
      "RMSE": 120.31422190137617,
      "MAE": 95.42205272576604,
      "MAPE": 1.3979536997487578,
      "R2": 0.9964621222397236,
      "nRMSE": 1.5992275931119997
    },
    {
      "MSE": 28380.443273002726,
      "RMSE": 168.46496155878447,
      "MAE": 130.91108552719353,
      "MAPE": 2.0120203961017977,
      "R2": 0.9930636968737492,
      "nRMSE": 2.239251609158924
    },
    {
      "MSE": 18682.769759073468,
      "RMSE": 136.68492879272927,
      "MAE": 106.2423560253678,
      "MAPE": 1.6656589058996099,
      "R2": 0.995433850238338,
      "nRMSE": 1.8168285197992975
    },
    {
      "MSE": 24507.091426337214,
      "RMSE": 156.5474095165334,
      "MAE": 125.6823996440129,
      "MAPE": 1.8170527661677598,
      "R2": 0.9940103608234505,
      "nRMSE": 2.0808424222222452
    },
    {
      "MSE": 10848.234453057152,
      "RMSE": 104.15485803867793,
      "MAE": 77.76650013607657,
      "MAPE": 1.265713160703343,
      "R2": 0.9973486445638916,
      "nRMSE": 1.3844358572061022
    },
    {
      "MSE": 13866.285540928246,
      "RMSE": 117.75519326521547,
      "MAE": 90.55868431557825,
      "MAPE": 1.4018674071644803,
      "R2": 0.9966110198201689,
      "nRMSE": 1.5652127514595586
    },
    {
      "MSE": 14738.555778326041,
      "RMSE": 121.40245375743457,
      "MAE": 87.2648155685991,
      "MAPE": 1.4830300987475769,
      "R2": 0.9963978332001997,
      "nRMSE": 1.613692470035184
    },
    {
      "MSE": 27934.724226174367,
      "RMSE": 167.13684281502498,
      "MAE": 135.8357788520735,
      "MAPE": 2.1876963819266138,
      "R2": 0.9931726325372343,
      "nRMSE": 2.221598133880744
    },
    {
      "MSE": 18971.089621661824,
      "RMSE": 137.73557863406907,
      "MAE": 102.37313678352231,
      "MAPE": 1.660530608794748,
      "R2": 0.9953633836164817,
      "nRMSE": 1.8307938531606907
    },
    {
      "MSE": 19025.791772713656,
      "RMSE": 137.93401238532016,
      "MAE": 105.32762612837392,
      "MAPE": 1.412402804264284,
      "R2": 0.9953500141740912,
      "nRMSE": 1.8334314526513444
    },
    {
      "MSE": 15487.498165492094,
      "RMSE": 124.44877727600257,
      "MAE": 99.66945275398162,
      "MAPE": 1.5601087729036536,
      "R2": 0.9962147884404153,
      "nRMSE": 1.6541844796367875
    },
    {
      "MSE": 9563.00330757775,
      "RMSE": 97.79060950611644,
      "MAE": 72.73684073025144,
      "MAPE": 1.0953836876846326,
      "R2": 0.9976627606165053,
      "nRMSE": 1.2998416861941509
    },
    {
      "MSE": 22164.82936945332,
      "RMSE": 148.87857256654942,
      "MAE": 118.19698380075255,
      "MAPE": 1.590429879858364,
      "R2": 0.994582819804143,
      "nRMSE": 1.9789075431724146
    },
    {
      "MSE": 10956.663429947253,
      "RMSE": 104.67408193983482,
      "MAE": 80.90663962426673,
      "MAPE": 1.2335334021638853,
      "R2": 0.9973221440528127,
      "nRMSE": 1.391337428579884
    },
    {
      "MSE": 13831.780010423066,
      "RMSE": 117.60858816609894,
      "MAE": 88.77426825625514,
      "MAPE": 1.4825290078679905,
      "R2": 0.9966194531211154,
      "nRMSE": 1.5632640631325023
    },
    {
      "MSE": 18939.1950781643,
      "RMSE": 137.61974814017174,
      "MAE": 109.63907559616617,
      "MAPE": 1.523513168392565,
      "R2": 0.9953711787809069,