{
  "train_losses": [
    0.12893132665043708
  ],
  "val_losses": [
    0.0140996454102138
  ],
  "val_metrics": [
    {
      "MSE": 57775.377783780226,
      "RMSE": 240.36509268980848,
      "MAE": 174.74558697152722,
      "MAPE": 2.49628941501986,
      "R2": 0.9858794476997061,
      "nRMSE": 3.1949546992504665
    }
  ]
}